DROP TABLE MENURESERVA;
DROP TABLE MENUTIPOCOMIDA;
DROP TABLE SUBPEDIDO;
DROP TABLE MENU;
DROP TABLE REPRESENTANTE;
DROP TABLE RESTAURANTE;
DROP TABLE RESERVA;
DROP TABLE ESPACIO;
DROP TABLE PREFERENCIASZONAS;
DROP TABLE ZONA;
DROP TABLE PRODUCTOINGREDIENTE;
DROP TABLE INGREDIENTE;
DROP TABLE PREFERENCIATIPO;
DROP TABLE TIPOCOMIDA;
DROP TABLE PRODUCTO;
DROP TABLE PREFERENCIASCATEGORIA;
DROP TABLE CATEGORIA;
DROP TABLE PEDIDO;
DROP TABLE PREFERENCIAS;
DROP TABLE CLIENTEINFO;
DROP TABLE REGISTRO;

CREATE TABLE REGISTRO(
   CODIGO INTEGER NOT NULL,
   USUARIO VARCHAR2(100) NOT NULL,
   CONTRASENIA VARCHAR2(100) NOT NULL,
   PERMISOS INTEGER NOT NULL,
   CONSTRAINT PK_REGISTRO PRIMARY KEY (CODIGO)
);

CREATE TABLE CLIENTEINFO(
  CEDULA INTEGER NOT NULL,
  NOMBRE VARCHAR(100) NOT NULL,
  FECHADEINGRESO DATE,
  REGISTRO_ID NOT NULL UNIQUE,
  CONSTRAINT FK_CLIENTE_REGISTRO FOREIGN KEY (REGISTRO_ID) REFERENCES REGISTRO(CODIGO),
  CONSTRAINT PK_CLIENTE PRIMARY KEY (CEDULA)
);

CREATE TABLE PREFERENCIAS(
  ID INTEGER NOT NULL,
  PRECIOMENOR NUMBER,
  PRECIOMAYOR NUMBER,
  CLIENTE_ID INTEGER NOT NULL,
  CONSTRAINT FK_PREFERENCIAS_CLIENTE FOREIGN KEY (CLIENTE_ID) REFERENCES CLIENTEINFO(CEDULA),
  CONSTRAINT PK_PREFERENCIAS PRIMARY KEY (ID)
);

CREATE TABLE PEDIDO(
   ID INTEGER NOT NULL,
   FECHA DATE,
   CLIENTE_ID INTEGER,
   CONSTRAINT FK_PEDIDO_CLIENTES FOREIGN KEY (CLIENTE_ID) REFERENCES CLIENTEINFO(CEDULA),
   CONSTRAINT PK_PEDIDO PRIMARY KEY (ID)
);

CREATE TABLE CATEGORIA(
  ID INTEGER NOT NULL,
  NOMBRE VARCHAR2(100 BYTE) NOT NULL,
  CONSTRAINT PK_CATEGORIA PRIMARY KEY (ID)
);

CREATE TABLE PREFERENCIASCATEGORIA(
   PREFERENCIAS_ID INTEGER NOT NULL,
   CATEGORIA_ID INTEGER NOT NULL,
   CONSTRAINT FK_PREFCATEGORIA_PREF FOREIGN KEY (PREFERENCIAS_ID) REFERENCES PREFERENCIAS(ID),
   CONSTRAINT FK_PREFCATEGORIA_CATEGORIA FOREIGN KEY (CATEGORIA_ID) REFERENCES CATEGORIA(ID),
   CONSTRAINT PK_PREFCATEGORIA PRIMARY KEY (PREFERENCIAS_ID,CATEGORIA_ID)
);

CREATE TABLE PRODUCTO(
  ID INTEGER NOT NULL,
  NOMBRE VARCHAR2(100 BYTE) NOT NULL,
  DESCRIPCION VARCHAR2(1000 BYTE)  NOT NULL,
  TRADUCCION VARCHAR2(1100 BYTE) NOT NULL,
  TIEMPOPREPARACION INTEGER NOT NULL,
  CATEGORIA_ID INTEGER NOT NULL,
  CHECK (CATEGORIA_ID>0 AND CATEGORIA_ID<6),
  CONSTRAINT FK_CATEGORIA FOREIGN KEY(CATEGORIA_ID) REFERENCES CATEGORIA(ID),
  CONSTRAINT PK_PRODUCTO PRIMARY KEY (ID)
);

CREATE TABLE TIPOCOMIDA(
   ID INTEGER NOT NULL,
   NOMBRE VARCHAR2(100 BYTE)NOT NULL,
   CONSTRAINT PK_TIPOCOMIDA PRIMARY KEY (ID)
);

CREATE TABLE PREFERENCIATIPO(
   PREFERENCIAS_ID INTEGER NOT NULL,
   TIPOCOMIDA_ID INTEGER NOT NULL,
   CONSTRAINT FK_PREFERENCIATIPO_PREF FOREIGN KEY (PREFERENCIAS_ID) REFERENCES PREFERENCIAS(ID),
   CONSTRAINT FK_PREFERENCIATIPO_TCOMIDA FOREIGN KEY (TIPOCOMIDA_ID) REFERENCES TIPOCOMIDA(ID),
   CONSTRAINT PK_PREFERENCIATIPO PRIMARY KEY (PREFERENCIAS_ID,TIPOCOMIDA_ID)
);

CREATE TABLE INGREDIENTE(
  ID INTEGER NOT NULL,
  NOMBRE VARCHAR2(100 BYTE) NOT NULL,
  DESCRIPCION VARCHAR2(1000 BYTE) NOT NULL,
  TRADUCCION VARCHAR2(1100 BYTE) NOT NULL,
  CONSTRAINT PK_INGREDIENTE PRIMARY KEY (ID)
);

CREATE TABLE PRODUCTOINGREDIENTE(
   PRODUCTO_ID INTEGER NOT NULL,
   INGREDIENTE_ID INTEGER NOT NULL,
   CONSTRAINT FK_PI_INGREDIENTE FOREIGN KEY (INGREDIENTE_ID) REFERENCES INGREDIENTE(ID),
   CONSTRAINT FK_PI_PRODUCTO FOREIGN KEY (PRODUCTO_ID) REFERENCES PRODUCTO(ID),
   CONSTRAINT PK_PRODUCTOINGREDIENTE PRIMARY KEY (PRODUCTO_ID,INGREDIENTE_ID)
);

CREATE TABLE ZONA(
   ID INTEGER NOT NULL,
   NOMBRE VARCHAR2(100) NOT NULL,
   CONSTRAINT PK_ZONA PRIMARY KEY (ID)
);

CREATE TABLE PREFERENCIASZONAS(
   PREFERENCIAS_ID INTEGER NOT NULL,
   ZONA_ID INTEGER NOT NULL,
   CONSTRAINT FK_PREFERENCIAZONA_PREF FOREIGN KEY (PREFERENCIAS_ID) REFERENCES PREFERENCIAS(ID),
   CONSTRAINT FK_PREFERENCIASZONA_ZONA FOREIGN KEY (ZONA_ID) REFERENCES ZONA(ID),
   CONSTRAINT PK_PREFERENCIASZONA PRIMARY KEY (PREFERENCIAS_ID,ZONA_ID)
);

CREATE TABLE RESERVA(
   ID INTEGER NOT NULL,
   FECHAHORA TIMESTAMP NOT NULL,
   DURACION INTEGER NOT NULL,
   COMENSALES INTEGER NOT NULL,
   NOMBRERESERVANTE VARCHAR2(100 BYTE) NOT NULL,
   TELEFONORESERVANTE INTEGER NOT NULL,
   ZONA_ID INTEGER NOT NULL,
   CONSTRAINT FK_RESERVA_ZONA FOREIGN KEY (ZONA_ID) REFERENCES ZONA(ID),
   CONSTRAINT PK_RESERVA PRIMARY KEY (ID)
);

CREATE TABLE ESPACIO(
    ID INTEGER NOT NULL,
    ACONDICIONAMIENTO VARCHAR2(1000 BYTE) NOT NULL,
    ABIERTO INTEGER NOT NULL,
    CAPACIDAD INTEGER NOT NULL,
    NECESIDADESESPECIALES INTEGER NOT NULL,
    CONDICIONESTECNICAS VARCHAR2(1500 BYTE) NOT NULL,
    ZONA_ID INTEGER,
    CONSTRAINT FK_ESPACIO_ZONA FOREIGN KEY (ZONA_ID) REFERENCES ZONA(ID),
    CONSTRAINT PK_ESPACIO PRIMARY KEY (ID)
);

CREATE TABLE RESTAURANTE(
  ID INTEGER NOT NULL,
  NOMBRE VARCHAR2(150 BYTE)NOT NULL,
  PAGINAWEB VARCHAR2(3999 BYTE),
  TIPOCOMIDA_ID NOT NULL, 
  REGISTRO_ID NOT NULL UNIQUE,
  ZONA_ID NOT NULL,
  CONSTRAINT FK_RESTAURANTE_ZONA FOREIGN KEY (ZONA_ID) REFERENCES ZONA(ID),
  CONSTRAINT FK_RESTAURANTE_REGISTRO FOREIGN KEY (REGISTRO_ID) REFERENCES REGISTRO(CODIGO),
  CONSTRAINT FK_RESTAURANTE_TIPOCOMIDA FOREIGN KEY (TIPOCOMIDA_ID) REFERENCES TIPOCOMIDA(ID),
  CONSTRAINT PK_RESTAURANTE PRIMARY KEY (ID)
);

CREATE TABLE REPRESENTANTE(
  ID INTEGER NOT NULL,
  NOMBRE VARCHAR2(500 BYTE) NOT NULL,
  TELEFONO INTEGER,
  CORREO VARCHAR2(100 BYTE),
  RESTAURANTE_ID INTEGER NOT NULL UNIQUE,
  CHECK (NOT(TELEFONO IS NULL AND CORREO IS NULL)),
  CONSTRAINT FK_REPRESENTANTE_RESTAURANTE FOREIGN KEY (RESTAURANTE_ID) REFERENCES RESTAURANTE(ID),
  CONSTRAINT PK_REPRESENTANTE PRIMARY KEY (ID)
);

CREATE TABLE MENU(
   ID INTEGER NOT NULL,
   CANTIDAD INTEGER NOT NULL,
   COSTODEPRODUCION NUMBER NOT NULL,
   VALORALPUBLICO NUMBER NOT NULL,
   PRODUCTOENTRADA_ID INTEGER,
   PRODUCTOPLATOFUERTE_ID INTEGER,
   PRODUCTOBEBIDA_ID INTEGER,
   PRODUCTOPOSTRE_ID INTEGER,
   PRODUCTOACOMPANAMIENTO_ID INTEGER,
   RESTAURANTE_ID INTEGER NOT NULL,
   CHECK (COSTODEPRODUCION>0 AND VALORALPUBLICO>=0),
   CONSTRAINT FK_MENU_PRODUCTOENTRADA FOREIGN KEY (PRODUCTOENTRADA_ID) REFERENCES PRODUCTO(ID),
   CONSTRAINT FK_MENU_PRODUCTOPLATOFUERTE FOREIGN KEY (PRODUCTOPLATOFUERTE_ID) REFERENCES PRODUCTO(ID),
   CONSTRAINT FK_MENU_PRODUCTOPOSTRE FOREIGN KEY (PRODUCTOPOSTRE_ID) REFERENCES PRODUCTO(ID),
   CONSTRAINT FK_MENU_PRODUCTOBEBIDA FOREIGN KEY (PRODUCTOBEBIDA_ID) REFERENCES PRODUCTO(ID),
   CONSTRAINT FK_MENU_PRODUCTOACOMPANAMIENTO FOREIGN KEY (PRODUCTOACOMPANAMIENTO_ID) REFERENCES PRODUCTO(ID),
   CONSTRAINT FK_MENU_RESTAURANTE FOREIGN KEY (RESTAURANTE_ID) REFERENCES RESTAURANTE(ID),
   CONSTRAINT PK_MENU PRIMARY KEY (ID)
);

CREATE TABLE SUBPEDIDO(
   MENU_ID INTEGER NOT NULL,
   PEDIDO_ID INTEGER NOT NULL,
   ANOTACION VARCHAR2(1500 BYTE),
   CONSTRAINT FK_SUBPEDIDO_MENU FOREIGN KEY (MENU_ID) REFERENCES MENU(ID),
   CONSTRAINT FK_SUBPEDIDO_PEDIDO FOREIGN KEY (PEDIDO_ID) REFERENCES PEDIDO(ID),
   CONSTRAINT PK_SUBPEDIDO PRIMARY KEY (MENU_ID,PEDIDO_ID)
);

CREATE TABLE MENURESERVA(
   MENU_ID INTEGER NOT NULL,
   RESERVA_ID INTEGER NOT NULL,
   CONSTRAINT FK_MENURESERVA_MENU FOREIGN KEY (MENU_ID) REFERENCES MENU(ID),
   CONSTRAINT FK_MENURESERVA_RESERVA FOREIGN KEY (RESERVA_ID) REFERENCES RESERVA(ID),
   CONSTRAINT PK_MENURESERVA PRIMARY KEY (MENU_ID,RESERVA_ID)
);

CREATE TABLE MENUTIPOCOMIDA(
   MENU_ID INTEGER NOT NULL,
   TIPOCOMIDA_ID INTEGER NOT NULL,
   CONSTRAINT FK_MENUTIPOCOMIDA_MENU FOREIGN KEY (MENU_ID) REFERENCES MENU(ID),
   CONSTRAINT FK_MENUTIPOCOMIDA_TIPOCOMIDA FOREIGN KEY (TIPOCOMIDA_ID) REFERENCES TIPOCOMIDA(ID),
   CONSTRAINT PK_MENUTIPOCOMIDA PRIMARY KEY (MENU_ID,TIPOCOMIDA_ID)
);

INSERT INTO REGISTRO ( CODIGO,USUARIO,CONTRASENIA,PERMISOS) VALUES (12345,'ADIMIN','12345',3);
INSERT INTO REGISTRO ( CODIGO,USUARIO,CONTRASENIA,PERMISOS) VALUES (0,'RESTAURANTEROCHA','12345',2);
INSERT INTO REGISTRO ( CODIGO,USUARIO,CONTRASENIA,PERMISOS) VALUES (54321,'PIZERRIAALPES','12345',2);
INSERT INTO REGISTRO ( CODIGO,USUARIO,CONTRASENIA,PERMISOS) VALUES (123,'CAMILO','12345',1);
INSERT INTO REGISTRO ( CODIGO,USUARIO,CONTRASENIA,PERMISOS) VALUES (1234,'JUAN','12345',1);
INSERT INTO REGISTRO ( CODIGO,USUARIO,CONTRASENIA,PERMISOS) VALUES (123456,'ENRIQUE','12345',1);
INSERT INTO REGISTRO ( CODIGO,USUARIO,CONTRASENIA,PERMISOS) VALUES (1234567,'MARIA','12345',1);

INSERT INTO CLIENTEINFO ( CEDULA,NOMBRE,FECHADEINGRESO,REGISTRO_ID ) VALUES (1,'camilo','19/05/2000',123);
INSERT INTO CLIENTEINFO ( CEDULA,NOMBRE,FECHADEINGRESO,REGISTRO_ID ) VALUES (2,'juan','23/07/2005',1234);
INSERT INTO CLIENTEINFO ( CEDULA,NOMBRE,FECHADEINGRESO,REGISTRO_ID ) VALUES (3,'enrique','12/08/2007',123456);
INSERT INTO CLIENTEINFO ( CEDULA,NOMBRE,FECHADEINGRESO,REGISTRO_ID ) VALUES (4,'maria','27/01/2010',1234567);

INSERT INTO PREFERENCIAS (ID,PRECIOMENOR, PRECIOMAYOR,CLIENTE_ID) VALUES (1,100,15000,4);
INSERT INTO PREFERENCIAS (ID,PRECIOMENOR, PRECIOMAYOR,CLIENTE_ID) VALUES (2,10000,20000,2);
INSERT INTO PREFERENCIAS (ID,PRECIOMENOR, PRECIOMAYOR,CLIENTE_ID) VALUES (3,8000,35000,1);

INSERT INTO PEDIDO (ID,FECHA,CLIENTE_ID) VALUES (1,'2/10/2017',1);
INSERT INTO PEDIDO (ID,FECHA,CLIENTE_ID) VALUES (2,'1/10/2017',1);
INSERT INTO PEDIDO (ID,FECHA,CLIENTE_ID) VALUES (3,'2/10/2017',2);
INSERT INTO PEDIDO (ID,FECHA,CLIENTE_ID) VALUES (4,'1/10/2017',2);
INSERT INTO PEDIDO (ID,FECHA,CLIENTE_ID) VALUES (5,'9/09/2017',2);
INSERT INTO PEDIDO (ID,FECHA,CLIENTE_ID) VALUES (6,'22/09/2017',3);
INSERT INTO PEDIDO (ID,FECHA,CLIENTE_ID) VALUES (7,'27/09/2017',3);
INSERT INTO PEDIDO (ID,FECHA,CLIENTE_ID) VALUES (8,'14/09/2017',4);
INSERT INTO PEDIDO (ID,FECHA,CLIENTE_ID) VALUES (9,'29/09/2017',4);

INSERT INTO CATEGORIA(ID,NOMBRE) VALUES (1,'ENTRADA');
INSERT INTO CATEGORIA(ID,NOMBRE) VALUES (2,'PLATOFUERTE');
INSERT INTO CATEGORIA(ID,NOMBRE) VALUES (3,'POSTRE');
INSERT INTO CATEGORIA(ID,NOMBRE) VALUES (4,'BEBIDA');
INSERT INTO CATEGORIA(ID,NOMBRE) VALUES (5,'ACOMPANAMIENTO');

INSERT INTO PREFERENCIASCATEGORIA (PREFERENCIAS_ID, CATEGORIA_ID) VALUES (1,1);
INSERT INTO PREFERENCIASCATEGORIA (PREFERENCIAS_ID, CATEGORIA_ID) VALUES (1,2);
INSERT INTO PREFERENCIASCATEGORIA (PREFERENCIAS_ID, CATEGORIA_ID) VALUES (1,3);
INSERT INTO PREFERENCIASCATEGORIA (PREFERENCIAS_ID, CATEGORIA_ID) VALUES (2,1);
INSERT INTO PREFERENCIASCATEGORIA (PREFERENCIAS_ID, CATEGORIA_ID) VALUES (2,4);
INSERT INTO PREFERENCIASCATEGORIA (PREFERENCIAS_ID, CATEGORIA_ID) VALUES (3,5);

INSERT INTO PRODUCTO (ID,NOMBRE,DESCRIPCION,TRADUCCION,TIEMPOPREPARACION,CATEGORIA_ID) VALUES (1,'pizza','Comida que consiste en una base de masa de pan, generalmente delgada y redonda, que se recubre con salsa de tomate, queso mozzarella o similar y diversos ingredientes troceados y se cuece al horno; es de origen italiano.','Food consisting of a base of bread dough, usually thin and round, covered with tomato sauce, mozzarella or similar cheese and various ingredients chopped and baked; is of Italian origin.',15,2);
INSERT INTO PRODUCTO (ID,NOMBRE,DESCRIPCION,TRADUCCION,TIEMPOPREPARACION,CATEGORIA_ID) VALUES (2,'hamburgesa','Comida que se prepara con carne picada de animales vacunos, cerdo o aves, generalmente condimentada con sal, pimienta, ajo y perejil, y forma redonda y plana; suele asarse a la plancha o freírse.','Food prepared with minced beef, pork or poultry, usually seasoned with salt, pepper, garlic and parsley, and round and flat shape; usually grilled or fried.',20,2);
INSERT INTO PRODUCTO (ID,NOMBRE,DESCRIPCION,TRADUCCION,TIEMPOPREPARACION,CATEGORIA_ID) VALUES (3,'ajiaco santafereño',' el ajiaco santafereño es una platillo típico de la ciudad de Bogotá, Colombia. Su nombre lo toma de Santa Fé, como en tiempos coloniales se le conoció a esta capital suramericana.Con el pollo y tres clases de papa como su componente esencial, el ajiaco santafereño es una receta que usted debería probar','the ajiaco santafereño is a typical dish of the city of Bogotá, Colombia. Its name takes it from Santa Fe, as in colonial times it was known to this South American capital.With chicken and three kinds of potato as its essential component, Santa Fe chili is a recipe that you should try.',30,2);
INSERT INTO PRODUCTO (ID,NOMBRE,DESCRIPCION,TRADUCCION,TIEMPOPREPARACION,CATEGORIA_ID) VALUES (4,'patacones','es una comida a base de trozos aplanados fritos de plátano verde','is a meal based on flat fried pieces of green banana',10,1);
INSERT INTO PRODUCTO (ID,NOMBRE,DESCRIPCION,TRADUCCION,TIEMPOPREPARACION,CATEGORIA_ID) VALUES (5,'chorizos',' es un producto embutido, curado, elaborado a partir de carnes frescas de cerdo graso','is an in-built, cured product made from fresh fatty pork meats',10,1);
INSERT INTO PRODUCTO (ID,NOMBRE,DESCRIPCION,TRADUCCION,TIEMPOPREPARACION,CATEGORIA_ID) VALUES (6,'brownie con helado','brownie helado','brownie 6 ice cream',15,3);
INSERT INTO PRODUCTO (ID,NOMBRE,DESCRIPCION,TRADUCCION,TIEMPOPREPARACION,CATEGORIA_ID) VALUES (7,'chicha','bebidas derivadas principalmente de la fermentación no destilada del maíz y otros cereales originarios de América','beverages derived mainly from the non-distilled fermentation of maize and other cereals originating in the Americas',15,4);
INSERT INTO PRODUCTO (ID,NOMBRE,DESCRIPCION,TRADUCCION,TIEMPOPREPARACION,CATEGORIA_ID) VALUES (8,'huevo frito','huevo frito','fried egg',15,5);

INSERT INTO Ingrediente (ID,Nombre,Descripcion,Traduccion) Values (1,'amor','el ingrediente mas importantes (valido para todos los products de rotondantes)','the most important ingredient (valid for all rotondantes products)');
INSERT INTO Ingrediente (ID,Nombre,Descripcion,Traduccion) Values (2,'queso','Alimento sólido que se obtiene por maduración de la cuajada de la leche una vez eliminado el suero; sus diferentes variedades dependen del origen de la leche empleada, de los métodos de elaboración seguidos y del grado de madurez alcanzado.','Solid food obtained by maturation of the milk curd after the serum is eliminated; its various variants depend on the origin of the milk used, the methods of processing followed and the degree of maturity reached.');
INSERT INTO Ingrediente (ID,Nombre,Descripcion,Traduccion) Values (3,'papa','tuberculo comestible despues de una coccion determinada','edible tuberculus after a certain cooking.');
INSERT INTO Ingrediente (ID,Nombre,Descripcion,Traduccion) Values (4,'tomate','Baya casi roja, fruto de la tomatera, de superficie lisa y brillante, en cuya pulpa hay numerosas semillas algo aplastadas y amarillas.','Almost red berry, fruit of the tomatera, with smooth and shiny surface, in whose pulp there are numerous seeds somewhat crushed and yellow.');
INSERT INTO Ingrediente (ID,Nombre,Descripcion,Traduccion) Values (5,'pollo',' es el nombre que reciben las crías de las gallinas y de otras aves.','is the name given to the offspring of hens and other birds.');

INSERT INTO TIPOCOMIDA (ID,NOMBRE) VALUES (1,'indu');
INSERT INTO TIPOCOMIDA (ID,NOMBRE) VALUES (2,'arabe');
INSERT INTO TIPOCOMIDA (ID,NOMBRE) VALUES (3,'vegetariana');
INSERT INTO TIPOCOMIDA (ID,NOMBRE) VALUES (4,'marciana');
INSERT INTO TIPOCOMIDA (ID,NOMBRE) VALUES (5,'rapida');

INSERT INTO PREFERENCIATIPO (PREFERENCIAS_ID, TIPOCOMIDA_ID) VALUES (3,2);
INSERT INTO PREFERENCIATIPO (PREFERENCIAS_ID, TIPOCOMIDA_ID) VALUES (1,4);
INSERT INTO PREFERENCIATIPO (PREFERENCIAS_ID, TIPOCOMIDA_ID) VALUES (3,5);
INSERT INTO PREFERENCIATIPO (PREFERENCIAS_ID, TIPOCOMIDA_ID) VALUES (2,1);
INSERT INTO PREFERENCIATIPO (PREFERENCIAS_ID, TIPOCOMIDA_ID) VALUES (1,5);

INSERT INTO ZONA (ID,NOMBRE) VALUES (1,'COMIDARAPIDA');
INSERT INTO ZONA (ID,NOMBRE) VALUES (2,'ZONA T');
INSERT INTO ZONA (ID,NOMBRE) VALUES (3,'HIPPSTER');

INSERT INTO PREFERENCIASZONAS (PREFERENCIAS_ID, ZONA_ID) VALUES (1,1);
INSERT INTO PREFERENCIASZONAS (PREFERENCIAS_ID, ZONA_ID) VALUES (1,3);
INSERT INTO PREFERENCIASZONAS (PREFERENCIAS_ID, ZONA_ID) VALUES (2,1);
INSERT INTO PREFERENCIASZONAS (PREFERENCIAS_ID, ZONA_ID) VALUES (2,3);

INSERT INTO RESERVA (ID,FECHAHORA, DURACION, COMENSALES, NOMBRERESERVANTE, TELEFONORESERVANTE, ZONA_ID) VALUES (1,'05/08/2017 3:30:00 PM',180,25,'Juan Pablo',3112544415,1);
INSERT INTO RESERVA (ID,FECHAHORA, DURACION, COMENSALES, NOMBRERESERVANTE, TELEFONORESERVANTE, ZONA_ID) VALUES (2,'08/04/2017 12:30:00 AM',1200,15,'Juan Camilo',313245225,2);
INSERT INTO RESERVA (ID,FECHAHORA, DURACION, COMENSALES, NOMBRERESERVANTE, TELEFONORESERVANTE, ZONA_ID) VALUES (3,'05/10/2017 09:00:00 PM',60,20,'Jhony Bravo',3125544786,3);

INSERT INTO ESPACIO (ID,ACONDICIONAMIENTO, ABIERTO, CAPACIDAD, NECESIDADESESPECIALES, CONDICIONESTECNICAS) VALUES (1,'Ambiente fiestero',1,125,0,'Aire acondicionado, Asadores, Acondiconar para grupos grandes');
INSERT INTO ESPACIO (ID,ACONDICIONAMIENTO, ABIERTO, CAPACIDAD, NECESIDADESESPECIALES, CONDICIONESTECNICAS,ZONA_ID) VALUES (2,'Musica relajante, al aire libre',0,50,1,'Calentadores',3);
INSERT INTO ESPACIO (ID,ACONDICIONAMIENTO, ABIERTO, CAPACIDAD, NECESIDADESESPECIALES, CONDICIONESTECNICAS,ZONA_ID) VALUES (3,'Comida en barra',1,75,1,'Asadores, Acondiconar para grupos grandes, extractores',3);

INSERT INTO RESTAURANTE (ID,NOMBRE,PAGINAWEB,TIPOCOMIDA_ID,REGISTRO_ID,ZONA_ID) VALUES (1,'pizzeria los alpes','https://pizzeriadelosalpes.wixsite.com/pizzeriadelosalpes',5,54321,2);
INSERT INTO RESTAURANTE (ID,NOMBRE,PAGINAWEB,TIPOCOMIDA_ID,REGISTRO_ID,ZONA_ID) VALUES (2,'la tiendita de rocha','https://que_es_esa_mierda',4,0,1);

INSERT INTO REPRESENTANTE (ID,NOMBRE,TELEFONO,CORREO,RESTAURANTE_ID) VALUES (1,'rocha',123456,'nomeacuedo@uniandes.edu.co',2);

INSERT INTO MENU (ID,CANTIDAD,COSTODEPRODUCION,VALORALPUBLICO,PRODUCTOENTRADA_ID,PRODUCTOPLATOFUERTE_ID,PRODUCTOPOSTRE_ID ,PRODUCTOBEBIDA_ID,PRODUCTOACOMPANAMIENTO_ID,RESTAURANTE_ID) VALUES (1,30,3000,5000,NULL,1,NULL,NULL,NULL,1);
INSERT INTO MENU (ID,CANTIDAD,COSTODEPRODUCION,VALORALPUBLICO,PRODUCTOENTRADA_ID,PRODUCTOPLATOFUERTE_ID,PRODUCTOPOSTRE_ID ,PRODUCTOBEBIDA_ID,PRODUCTOACOMPANAMIENTO_ID,RESTAURANTE_ID) VALUES (2,6,5000,20000,5,3,6,7,8,2);

INSERT INTO MENURESERVA (MENU_ID, RESERVA_ID) VALUES (1,1);
INSERT INTO MENURESERVA (MENU_ID, RESERVA_ID) VALUES (1,2);
INSERT INTO MENURESERVA (MENU_ID, RESERVA_ID) VALUES (1,3);
INSERT INTO MENURESERVA (MENU_ID, RESERVA_ID) VALUES (2,1);
INSERT INTO MENURESERVA (MENU_ID, RESERVA_ID) VALUES (2,2);
INSERT INTO MENURESERVA (MENU_ID, RESERVA_ID) VALUES (2,3);

INSERT INTO SUBPEDIDO ( MENU_ID,PEDIDO_ID) VALUES (1,1);
INSERT INTO SUBPEDIDO ( MENU_ID,PEDIDO_ID) VALUES (1,2);
INSERT INTO SUBPEDIDO ( MENU_ID,PEDIDO_ID) VALUES (1,3);
INSERT INTO SUBPEDIDO ( MENU_ID,PEDIDO_ID) VALUES (1,4);
INSERT INTO SUBPEDIDO ( MENU_ID,PEDIDO_ID) VALUES (1,5);
INSERT INTO SUBPEDIDO ( MENU_ID,PEDIDO_ID) VALUES (1,6);
INSERT INTO SUBPEDIDO ( MENU_ID,PEDIDO_ID) VALUES (1,7);
INSERT INTO SUBPEDIDO ( MENU_ID,PEDIDO_ID) VALUES (1,8);
INSERT INTO SUBPEDIDO ( MENU_ID,PEDIDO_ID,ANOTACION)VALUES (2,9,'porfavor mucha papa criolla');

INSERT INTO MENUTIPOCOMIDA (MENU_ID,TIPOCOMIDA_ID) VALUES (1,5);
INSERT INTO MENUTIPOCOMIDA (MENU_ID,TIPOCOMIDA_ID) VALUES (2,4);

INSERT INTO Productoingrediente (Producto_Id,Ingrediente_Id) VALUES (1,1);
INSERT INTO Productoingrediente (Producto_Id,Ingrediente_Id) VALUES (1,2);
INSERT INTO Productoingrediente (Producto_Id,Ingrediente_Id) VALUES (1,3);
INSERT INTO Productoingrediente (Producto_Id,Ingrediente_Id) VALUES (2,1);
INSERT INTO Productoingrediente (Producto_Id,Ingrediente_Id) VALUES (3,1);
INSERT INTO Productoingrediente (Producto_Id,Ingrediente_Id) VALUES (3,5);
INSERT INTO PRODUCTOINGREDIENTE (PRODUCTO_ID,INGREDIENTE_ID) VALUES (3,3);

COMMIT;